Amount,Transaction Category,Credit/Debit,Payment Method
386.39013671875,food,debit,cash
582.0303344726562,transport,debit,e-wallet
2031.867919921875,food,debit,e-wallet
690.0709228515625,food,debit,debit_card
-209.2437286376953,transport,debit,cash
867.71875,transport,debit,debit_card
851.6244506835938,transport,debit,e-wallet
676.2086791992188,transport,debit,online_banking
2139.937744140625,shopping,debit,online_banking
140.02267456054688,transport,debit,debit_card
76.90531158447266,food,debit,e-wallet
228.68016052246094,food,debit,online_banking
647.8782958984375,food,debit,debit_card
874.966552734375,food,debit,cash
803.8561401367188,food,debit,debit_card
1868.0,shopping,debit,credit_card
1042.3760986328125,transport,debit,debit_card
839.5587768554688,transport,debit,e-wallet
-1036.50048828125,food,debit,online_banking
-518.7670288085938,transport,debit,cash
2003.613037109375,food,debit,e-wallet
650.5325927734375,food,debit,e-wallet
1718.2401123046875,transport,debit,cash
15.744009017944336,transport,debit,cash
2258.666259765625,others,debit,e-wallet
1262.462890625,shopping,debit,debit_card
329.8870544433594,entertainment,debit,e-wallet
1401.09912109375,transport,debit,debit_card
2088.125,others,debit,e-wallet
786.0221557617188,food,debit,online_banking
584.581787109375,food,debit,debit_card
1698.4056396484375,entertainment,debit,e-wallet
-453.10369873046875,transport,debit,e-wallet
1300.9896240234375,transport,debit,online_banking
-94.07560729980469,transport,debit,credit_card
981.031982421875,food,debit,debit_card
36.50755310058594,food,debit,cash
746.02099609375,food,debit,e-wallet
132.46206665039062,transport,debit,credit_card
1792.9521484375,transport,debit,credit_card
1521.5531005859375,transport,debit,credit_card
-62.903221130371094,food,debit,debit_card
1359.48193359375,entertainment,debit,online_banking
285.8755798339844,food,debit,online_banking
-85.33171844482422,transport,debit,cash
948.5174560546875,shopping,debit,debit_card
1216.417236328125,food,debit,online_banking
283.24371337890625,food,debit,cash
810.889404296875,entertainment,debit,cash
3018.949951171875,others,debit,debit_card
526.9193115234375,food,debit,debit_card
721.9698486328125,food,debit,online_banking
244.83407592773438,transport,debit,online_banking
573.7704467773438,food,debit,cash
2431.64013671875,shopping,debit,credit_card
475.9768371582031,food,debit,cash
810.8427734375,transport,debit,credit_card
1949.439453125,food,debit,credit_card
792.6403198242188,shopping,debit,cash
-354.4964294433594,entertainment,debit,online_banking
386.1120910644531,transport,debit,cash
13.162240982055664,transport,debit,cash
405.92633056640625,food,debit,cash
2199.66552734375,shopping,debit,cash
843.5838012695312,food,debit,credit_card
975.696044921875,food,debit,cash
-471.15850830078125,shopping,debit,cash
2005.927001953125,shopping,debit,e-wallet
1685.9776611328125,food,debit,cash
1232.753662109375,transport,debit,debit_card
546.3936767578125,others,debit,cash
1805.570556640625,food,debit,e-wallet
2157.84765625,shopping,debit,online_banking
819.6270751953125,transport,debit,e-wallet
1924.4285888671875,food,debit,credit_card
1012.4556274414062,others,debit,cash
579.3917846679688,entertainment,debit,cash
431.7758483886719,shopping,debit,debit_card
926.04931640625,transport,debit,cash
1308.8936767578125,food,debit,debit_card
-215.09078979492188,food,debit,cash
1389.73828125,others,debit,e-wallet
1442.537841796875,shopping,debit,cash
898.0620727539062,food,debit,debit_card
711.523193359375,transport,debit,credit_card
799.8369140625,transport,debit,debit_card
670.6463012695312,shopping,debit,cash
923.6892700195312,shopping,debit,cash
1236.4967041015625,transport,debit,cash
1024.2552490234375,food,debit,cash
2384.82763671875,food,debit,e-wallet
-86.71329498291016,transport,debit,credit_card
2097.751220703125,entertainment,debit,e-wallet
-342.61151123046875,transport,debit,credit_card
3841.956787109375,entertainment,debit,e-wallet
1819.8150634765625,transport,debit,cash
169.4361114501953,transport,debit,credit_card
1323.4251708984375,transport,debit,cash
1140.3206787109375,transport,debit,cash
-267.4651184082031,food,debit,cash
2725.493896484375,shopping,debit,debit_card
1469.052978515625,transport,debit,e-wallet
346.1543884277344,transport,debit,cash
2659.865478515625,food,debit,credit_card
1376.2996826171875,food,debit,credit_card
1433.1837158203125,entertainment,debit,e-wallet
435.4932861328125,food,debit,online_banking
435.7340087890625,shopping,debit,debit_card
1038.9871826171875,food,debit,e-wallet
-287.3625183105469,transport,debit,credit_card
1075.3944091796875,food,debit,e-wallet
1045.9305419921875,transport,debit,cash
836.0341796875,shopping,debit,online_banking
290.7248840332031,shopping,debit,online_banking
1090.583251953125,entertainment,debit,online_banking
69.51314544677734,food,debit,e-wallet
1008.557373046875,entertainment,debit,e-wallet
486.07867431640625,transport,debit,e-wallet
926.7799072265625,food,debit,credit_card
527.9173583984375,shopping,debit,cash
632.6895141601562,shopping,debit,cash
581.8569946289062,food,debit,debit_card
720.5881958007812,shopping,debit,cash
633.71240234375,transport,debit,cash
377.9898376464844,food,debit,cash
1054.63525390625,shopping,debit,online_banking
2053.855712890625,bills,debit,debit_card
1799.081787109375,food,debit,debit_card
2660.24755859375,shopping,debit,debit_card
419.6954650878906,food,debit,online_banking
-59.165809631347656,transport,debit,cash
-273.52166748046875,food,debit,cash
2356.5654296875,others,debit,e-wallet
457.4065856933594,transport,debit,e-wallet
717.1071166992188,transport,debit,online_banking
1184.2847900390625,food,debit,debit_card
766.2394409179688,entertainment,debit,e-wallet
961.8191528320312,others,debit,credit_card
2504.419189453125,food,debit,e-wallet
858.3360595703125,food,debit,online_banking
1663.0948486328125,food,debit,credit_card
-982.5908203125,food,debit,cash
1255.6053466796875,shopping,debit,credit_card
153.1522979736328,transport,debit,credit_card
300.7255859375,transport,debit,e-wallet
1133.154541015625,shopping,debit,online_banking
388.10284423828125,food,debit,credit_card
-375.1321716308594,entertainment,debit,cash
302.8831481933594,food,debit,cash
1315.594482421875,transport,debit,cash
354.7915344238281,shopping,debit,debit_card
1012.5333862304688,food,debit,debit_card
-61.923675537109375,food,debit,online_banking
410.7536315917969,food,debit,credit_card
366.9755554199219,food,debit,debit_card
87.51466369628906,food,debit,e-wallet
17.537113189697266,transport,debit,credit_card
-364.6954040527344,food,debit,credit_card
1706.6580810546875,entertainment,debit,cash
1800.78466796875,shopping,debit,cash
-447.2836608886719,food,debit,cash
688.8721923828125,transport,debit,credit_card
439.65625,shopping,debit,credit_card
-783.7581176757812,food,debit,online_banking
-313.3202209472656,transport,debit,cash
1723.1697998046875,shopping,debit,cash
1174.3760986328125,transport,debit,credit_card
-0.8385219573974609,food,debit,online_banking
1011.1966552734375,transport,debit,cash
681.488525390625,transport,debit,cash
1007.4511108398438,food,debit,cash
683.6485595703125,transport,debit,e-wallet
376.7353820800781,bills,debit,cash
2733.6015625,food,debit,e-wallet
1548.30810546875,shopping,debit,debit_card
918.8695678710938,transport,debit,online_banking
587.0839233398438,food,debit,debit_card
699.7106323242188,food,debit,cash
2325.59228515625,food,debit,online_banking
2064.814453125,entertainment,debit,cash
1125.8319091796875,food,debit,online_banking
-296.9892578125,food,debit,credit_card
960.4827880859375,shopping,debit,cash
2626.801513671875,shopping,debit,online_banking
-59.942283630371094,transport,debit,debit_card
2463.5908203125,shopping,debit,debit_card
1109.7945556640625,transport,debit,credit_card
434.83367919921875,food,debit,credit_card
-547.8660278320312,food,debit,cash
1244.3511962890625,food,debit,e-wallet
731.3441772460938,food,debit,cash
167.91017150878906,transport,debit,e-wallet
2286.7646484375,food,debit,online_banking
-397.8905334472656,food,debit,debit_card
823.6469116210938,transport,debit,e-wallet
343.5852355957031,food,debit,debit_card
1004.0624389648438,transport,debit,e-wallet
-179.82699584960938,transport,debit,credit_card
769.0328979492188,entertainment,debit,cash
-492.51409912109375,food,debit,cash
1420.1024169921875,shopping,debit,e-wallet
450.2351989746094,transport,debit,e-wallet
295.5997619628906,food,debit,debit_card
-814.8828125,food,debit,debit_card
1523.8739013671875,entertainment,debit,e-wallet
1923.793212890625,transport,debit,cash
-93.79369354248047,transport,debit,debit_card
377.6806335449219,transport,debit,e-wallet
1592.2196044921875,shopping,debit,debit_card
-79.27963256835938,shopping,debit,cash
500.9674987792969,others,debit,online_banking
1487.040283203125,food,debit,e-wallet
1467.413818359375,food,debit,credit_card
-219.83509826660156,food,debit,cash
563.4843139648438,transport,debit,e-wallet
1468.7965087890625,food,debit,online_banking
533.9083862304688,transport,debit,debit_card
1260.3609619140625,food,debit,e-wallet
533.4635009765625,food,debit,credit_card
1413.7144775390625,food,debit,debit_card
780.3084716796875,shopping,debit,debit_card
722.163330078125,food,debit,debit_card
959.9451293945312,others,debit,credit_card
636.4154663085938,food,debit,online_banking
737.8190307617188,food,debit,cash
360.4931640625,shopping,debit,cash
691.4959106445312,transport,debit,e-wallet
715.0094604492188,transport,debit,debit_card
937.797119140625,transport,debit,credit_card
1453.288818359375,food,debit,cash
1797.5501708984375,transport,debit,e-wallet
545.1103515625,transport,debit,credit_card
762.25,food,debit,cash
1005.8864135742188,others,debit,credit_card
361.750244140625,bills,debit,e-wallet
1364.9713134765625,transport,debit,cash
-369.75604248046875,transport,debit,cash
541.4727783203125,food,debit,cash
1087.8626708984375,food,debit,e-wallet
1686.0142822265625,food,debit,cash
590.5059204101562,bills,debit,cash
1099.6236572265625,transport,debit,e-wallet
554.6752319335938,shopping,debit,e-wallet
431.6351013183594,food,debit,cash
1335.76025390625,shopping,debit,debit_card
-199.91293334960938,entertainment,debit,cash
486.4690246582031,shopping,debit,cash
1000.0081176757812,transport,debit,cash
-399.1952209472656,food,debit,e-wallet
509.31268310546875,transport,debit,credit_card
1796.89697265625,food,debit,debit_card
857.3590087890625,food,debit,debit_card
-364.5160827636719,transport,debit,e-wallet
2341.107421875,shopping,debit,cash
-233.57228088378906,transport,debit,debit_card
-76.39434814453125,transport,debit,credit_card
84.82331085205078,transport,debit,cash
1267.63671875,food,debit,credit_card
-307.2427062988281,transport,debit,debit_card
1147.330078125,shopping,debit,e-wallet
213.84378051757812,food,debit,debit_card
-1006.642578125,transport,debit,cash
502.482177734375,food,debit,cash
958.3311767578125,food,debit,credit_card
1482.858642578125,shopping,debit,cash
1145.55859375,transport,debit,cash
2298.963134765625,shopping,debit,cash
742.6307983398438,food,debit,credit_card
-296.2843017578125,transport,debit,online_banking
253.95310974121094,shopping,debit,e-wallet
-378.76824951171875,transport,debit,e-wallet
-404.8145751953125,food,debit,cash
1236.82958984375,shopping,debit,online_banking
727.0839233398438,food,debit,e-wallet
1196.9364013671875,transport,debit,cash
2257.33984375,transport,debit,credit_card
512.6536254882812,food,debit,cash
466.34478759765625,transport,debit,debit_card
704.6690673828125,transport,debit,cash
931.010498046875,transport,debit,e-wallet
208.7331085205078,food,debit,online_banking
46.878177642822266,shopping,debit,cash
1151.1348876953125,entertainment,debit,cash
86.7645492553711,food,debit,cash
1299.953125,food,debit,debit_card
1630.3822021484375,food,debit,e-wallet
870.8187866210938,entertainment,debit,credit_card
741.2638549804688,food,debit,cash
554.6253051757812,food,debit,credit_card
-476.3015441894531,transport,debit,cash
1548.7196044921875,transport,debit,credit_card
270.4022521972656,bills,debit,debit_card
1075.49755859375,transport,debit,credit_card
666.5330200195312,transport,debit,cash
665.438232421875,food,debit,cash
1380.11962890625,food,debit,online_banking
1889.91162109375,entertainment,debit,online_banking
1458.143310546875,shopping,debit,credit_card
238.91294860839844,transport,debit,cash
1691.7479248046875,food,debit,credit_card
1945.71533203125,food,debit,debit_card
-609.2318725585938,food,debit,cash
1350.9012451171875,food,debit,debit_card
532.4050903320312,transport,debit,e-wallet
1485.095947265625,food,debit,debit_card
328.8221130371094,entertainment,debit,online_banking
1147.3619384765625,transport,debit,e-wallet
-486.2593994140625,entertainment,debit,online_banking
841.6387939453125,transport,debit,cash
-53.69339370727539,entertainment,debit,online_banking
493.12384033203125,others,debit,e-wallet
2437.49072265625,others,debit,online_banking
1679.255126953125,food,debit,credit_card
613.8150024414062,food,debit,debit_card
1825.78466796875,food,debit,credit_card
-118.26924133300781,bills,debit,e-wallet
830.8673095703125,bills,debit,online_banking
17.429792404174805,food,debit,online_banking
-322.89593505859375,food,debit,e-wallet
568.3439331054688,transport,debit,cash
1231.6220703125,shopping,debit,e-wallet
453.1499938964844,transport,debit,e-wallet
99.83248138427734,food,debit,online_banking
1412.7774658203125,entertainment,debit,e-wallet
-1194.3822021484375,transport,debit,credit_card
636.232666015625,entertainment,debit,e-wallet
826.4329223632812,food,debit,credit_card
1622.294921875,bills,debit,e-wallet
390.1081237792969,shopping,debit,cash
604.56884765625,transport,debit,debit_card
-91.21891784667969,transport,debit,cash
2204.633544921875,others,debit,online_banking
3054.057861328125,shopping,debit,e-wallet
814.4000854492188,transport,debit,credit_card
-122.22847747802734,others,debit,cash
592.6600341796875,transport,debit,credit_card
863.34716796875,bills,debit,e-wallet
351.58807373046875,bills,debit,e-wallet
-1229.083740234375,food,debit,online_banking
424.1468505859375,transport,debit,cash
684.047607421875,transport,debit,cash
564.5076293945312,transport,debit,debit_card
167.09165954589844,food,debit,credit_card
432.08203125,transport,debit,cash
2157.2998046875,transport,debit,credit_card
2388.27978515625,transport,debit,cash
453.5473327636719,transport,debit,e-wallet
530.806640625,transport,debit,credit_card
1058.987548828125,shopping,debit,cash
-752.4901733398438,food,debit,online_banking
778.8037109375,transport,debit,credit_card
-460.7090759277344,food,debit,online_banking
-689.5442504882812,food,debit,debit_card
829.8331298828125,food,debit,credit_card
997.5208129882812,food,debit,cash
1256.088623046875,food,debit,online_banking
130.65762329101562,transport,debit,credit_card
151.15721130371094,bills,debit,e-wallet
120.2027359008789,others,debit,cash
830.5130615234375,food,debit,debit_card
474.9769287109375,food,debit,cash
-137.56112670898438,transport,debit,credit_card
728.7801513671875,transport,debit,e-wallet
997.7448120117188,others,debit,online_banking
1527.4344482421875,food,debit,credit_card
215.27609252929688,entertainment,debit,e-wallet
402.3295593261719,entertainment,debit,e-wallet
255.71522521972656,shopping,debit,cash
456.26666259765625,shopping,debit,credit_card
116.62247467041016,food,debit,credit_card
1423.9075927734375,food,debit,credit_card
40.98540115356445,transport,debit,cash
-37.772220611572266,transport,debit,credit_card
649.2454833984375,food,debit,online_banking
1459.0657958984375,bills,debit,e-wallet
335.8662414550781,food,debit,debit_card
1236.26416015625,food,debit,online_banking
634.2376708984375,food,debit,online_banking
2001.73583984375,others,debit,debit_card
754.3560180664062,transport,debit,credit_card
328.56854248046875,transport,debit,e-wallet
798.1776733398438,transport,debit,e-wallet
1121.4140625,shopping,debit,e-wallet
788.1004028320312,transport,debit,debit_card
464.6513671875,transport,debit,credit_card
1277.9755859375,food,debit,e-wallet
-202.68832397460938,shopping,debit,credit_card
-203.1462860107422,food,debit,debit_card
1020.8025512695312,food,debit,e-wallet
225.790771484375,bills,debit,e-wallet
384.3362731933594,shopping,debit,online_banking
1371.9921875,transport,debit,online_banking
1659.8524169921875,food,debit,credit_card
-44.770240783691406,shopping,debit,e-wallet
647.0340576171875,transport,debit,credit_card
288.2066955566406,food,debit,debit_card
1819.38232421875,transport,debit,e-wallet
481.6364440917969,food,debit,e-wallet
2511.0556640625,bills,debit,cash
850.6163330078125,others,debit,credit_card
548.1552124023438,shopping,debit,credit_card
1001.1375122070312,shopping,debit,debit_card
1347.87841796875,shopping,debit,credit_card
1148.8031005859375,bills,debit,online_banking
1378.4639892578125,transport,debit,e-wallet
1440.65771484375,food,debit,credit_card
949.9404296875,transport,debit,online_banking
-148.4268798828125,food,debit,online_banking
388.37225341796875,food,debit,online_banking
1104.3223876953125,shopping,debit,online_banking
2120.57568359375,shopping,debit,online_banking
417.1926574707031,food,debit,debit_card
1149.329833984375,food,debit,debit_card
1042.973876953125,food,debit,cash
3295.611328125,transport,debit,credit_card
2307.181396484375,entertainment,debit,e-wallet
1618.1790771484375,entertainment,debit,e-wallet
953.8148803710938,transport,debit,e-wallet
188.28761291503906,food,debit,debit_card
-214.42474365234375,food,debit,online_banking
614.4990844726562,shopping,debit,cash
1368.333984375,food,debit,credit_card
-879.81787109375,shopping,debit,e-wallet
440.7745361328125,transport,debit,debit_card
188.35708618164062,transport,debit,debit_card
3162.729248046875,shopping,debit,credit_card
861.5755004882812,transport,debit,credit_card
128.6268310546875,food,debit,online_banking
724.8818359375,shopping,debit,cash
1752.367919921875,transport,debit,credit_card
1902.905517578125,shopping,debit,debit_card
35.39971160888672,food,debit,debit_card
1282.024169921875,food,debit,online_banking
403.07049560546875,transport,debit,debit_card
831.7543334960938,transport,debit,debit_card
130.99130249023438,food,debit,online_banking
170.7000732421875,food,debit,debit_card
-241.2169189453125,shopping,debit,e-wallet
945.405029296875,food,debit,credit_card
438.4731750488281,transport,debit,credit_card
-21.525732040405273,food,debit,cash
717.0838012695312,food,debit,online_banking
588.6538696289062,transport,debit,e-wallet
1424.9212646484375,transport,debit,e-wallet
-208.0817108154297,transport,debit,e-wallet
530.9541015625,transport,debit,cash
1093.17626953125,shopping,debit,debit_card
502.673095703125,shopping,debit,credit_card
496.4096984863281,entertainment,debit,e-wallet
638.9224243164062,food,debit,e-wallet
669.829345703125,transport,debit,cash
-1217.8536376953125,food,debit,credit_card
918.17236328125,entertainment,debit,e-wallet
1097.1109619140625,entertainment,debit,cash
981.8319702148438,transport,debit,credit_card
1185.6466064453125,shopping,debit,credit_card
1003.7572631835938,food,debit,cash
-191.314208984375,shopping,debit,e-wallet
786.7684936523438,shopping,debit,debit_card
1429.01123046875,shopping,debit,online_banking
939.544677734375,food,debit,online_banking
1962.20166015625,entertainment,debit,cash
711.176025390625,shopping,debit,debit_card
2320.0302734375,transport,debit,credit_card
-230.01947021484375,food,debit,debit_card
2976.780517578125,shopping,debit,debit_card
356.3559875488281,transport,debit,cash
872.6287231445312,shopping,debit,cash
732.663330078125,transport,debit,debit_card
1825.5916748046875,others,debit,debit_card
1240.5478515625,shopping,debit,debit_card
715.671630859375,shopping,debit,cash
-112.91633605957031,transport,debit,cash
1050.6131591796875,shopping,debit,e-wallet
580.9483642578125,shopping,debit,debit_card
244.4152069091797,shopping,debit,credit_card
-263.8844909667969,food,debit,cash
1529.12109375,shopping,debit,debit_card
322.2834167480469,entertainment,debit,cash
1800.54150390625,entertainment,debit,online_banking
916.9385375976562,transport,debit,cash
1096.2120361328125,food,debit,debit_card
1234.7354736328125,shopping,debit,debit_card
1139.9703369140625,transport,debit,credit_card
221.86688232421875,food,debit,cash
1924.0687255859375,others,debit,debit_card
1445.478759765625,transport,debit,cash
924.53955078125,bills,debit,e-wallet
924.7141723632812,entertainment,debit,credit_card
1360.6075439453125,food,debit,credit_card
525.648681640625,food,debit,cash
1927.1468505859375,bills,debit,online_banking
-651.2484130859375,food,debit,debit_card
1051.2789306640625,food,debit,credit_card
1005.2997436523438,transport,debit,cash
524.5645751953125,transport,debit,credit_card
184.2681427001953,shopping,debit,cash
399.626953125,food,debit,credit_card
-496.73187255859375,food,debit,cash
-52.188385009765625,transport,debit,cash
1340.2867431640625,food,debit,cash
624.6303100585938,transport,debit,e-wallet
1463.3326416015625,entertainment,debit,online_banking
83.84049987792969,shopping,debit,e-wallet
1635.256591796875,transport,debit,cash
1254.538330078125,food,debit,debit_card
1436.4176025390625,bills,debit,cash
2389.135986328125,shopping,debit,cash
769.0259399414062,entertainment,debit,cash
-410.3909606933594,transport,debit,credit_card
-219.40037536621094,transport,debit,cash
-199.1495361328125,food,debit,cash
1636.1573486328125,food,debit,credit_card
1954.3475341796875,food,debit,credit_card
3243.892578125,others,debit,debit_card
2466.805419921875,shopping,debit,debit_card
967.2692260742188,food,debit,debit_card
1872.600341796875,others,debit,credit_card
1293.5184326171875,food,debit,debit_card
529.4576416015625,food,debit,debit_card
2.632476568222046,food,debit,debit_card
758.4091186523438,food,debit,online_banking
1379.258544921875,transport,debit,credit_card
2058.44482421875,others,debit,credit_card
396.63525390625,transport,debit,cash
208.9880828857422,transport,debit,cash
1158.275390625,food,debit,debit_card
533.372314453125,food,debit,online_banking
421.90631103515625,transport,debit,cash
-274.19256591796875,transport,debit,e-wallet
2039.2205810546875,transport,debit,credit_card
1467.3756103515625,food,debit,online_banking
-148.95838928222656,transport,debit,cash
-242.06179809570312,shopping,debit,e-wallet
460.400634765625,transport,debit,e-wallet
762.8182373046875,transport,debit,cash
-8.5030517578125,shopping,debit,cash
2153.631591796875,others,debit,debit_card
1217.1414794921875,food,debit,credit_card
3132.4775390625,shopping,debit,online_banking
-442.3110656738281,transport,debit,online_banking
-210.4136962890625,transport,debit,cash
2234.638427734375,shopping,debit,debit_card
711.5149536132812,shopping,debit,cash
1829.8687744140625,shopping,debit,cash
2367.381591796875,food,debit,e-wallet
-93.81343841552734,food,debit,e-wallet
997.12158203125,food,debit,debit_card
1215.3250732421875,transport,debit,e-wallet
895.337646484375,transport,debit,debit_card
2494.374755859375,food,debit,credit_card
-335.96728515625,entertainment,debit,online_banking
1280.72021484375,transport,debit,e-wallet
1627.115478515625,others,debit,e-wallet
275.627197265625,transport,debit,cash
280.6147155761719,transport,debit,credit_card
1273.2220458984375,others,debit,cash
1280.0223388671875,others,debit,credit_card
876.567138671875,entertainment,debit,e-wallet
245.0852813720703,transport,debit,e-wallet
1322.5501708984375,food,debit,credit_card
894.6298828125,transport,debit,cash
135.4530029296875,food,debit,online_banking
732.2490234375,transport,debit,online_banking
982.4229125976562,food,debit,online_banking
2333.272216796875,shopping,debit,online_banking
627.8587036132812,food,debit,debit_card
774.6444702148438,transport,debit,debit_card
637.0756225585938,entertainment,debit,e-wallet
-97.80168151855469,food,debit,online_banking
2381.756591796875,transport,debit,e-wallet
1256.730712890625,food,debit,e-wallet
1792.3121337890625,transport,debit,credit_card
1087.4796142578125,transport,debit,e-wallet
1741.611572265625,food,debit,debit_card
520.0269165039062,transport,debit,credit_card
1340.0611572265625,others,debit,debit_card
845.4041137695312,food,debit,credit_card
872.825439453125,shopping,debit,cash
363.0315246582031,shopping,debit,online_banking
1262.4119873046875,food,debit,debit_card
-1276.7362060546875,food,debit,online_banking
-724.1090087890625,food,debit,debit_card
1484.0306396484375,food,debit,debit_card
521.9549560546875,transport,debit,cash
209.66021728515625,transport,debit,credit_card
404.16326904296875,transport,debit,debit_card
3351.7119140625,entertainment,debit,online_banking
1529.0211181640625,food,debit,debit_card
540.311279296875,shopping,debit,online_banking
1030.56591796875,transport,debit,credit_card
787.170166015625,shopping,debit,e-wallet
1010.3909912109375,food,debit,debit_card
236.43289184570312,entertainment,debit,e-wallet
-876.526611328125,entertainment,debit,e-wallet
1846.6256103515625,entertainment,debit,e-wallet
-56.37147521972656,transport,debit,cash
943.584716796875,shopping,debit,credit_card
1225.9345703125,food,debit,cash
436.0807189941406,food,debit,cash
693.84130859375,transport,debit,cash
824.4020385742188,shopping,debit,online_banking
1681.480712890625,transport,debit,credit_card
377.5297546386719,food,debit,online_banking
1490.31591796875,shopping,debit,e-wallet
57.54167175292969,shopping,debit,cash
1031.237548828125,entertainment,debit,cash
631.9740600585938,food,debit,online_banking
1219.5594482421875,entertainment,debit,e-wallet
777.2200927734375,food,debit,cash
-685.3345336914062,food,debit,e-wallet
366.4952697753906,transport,debit,credit_card
393.2793884277344,transport,debit,debit_card
706.4957885742188,food,debit,e-wallet
254.14508056640625,transport,debit,credit_card
451.3145446777344,shopping,debit,online_banking
340.3635559082031,transport,debit,debit_card
1544.0084228515625,entertainment,debit,online_banking
345.93475341796875,food,debit,cash
377.7796325683594,food,debit,credit_card
1435.996826171875,food,debit,debit_card
224.619140625,transport,debit,cash
1294.8670654296875,transport,debit,cash
614.9735717773438,food,debit,debit_card
82.87144470214844,transport,debit,credit_card
1104.2855224609375,food,debit,online_banking
455.1491394042969,food,debit,cash
-60.21864318847656,entertainment,debit,e-wallet
1550.8388671875,transport,debit,cash
3415.85546875,bills,debit,cash
-507.085205078125,food,debit,online_banking
52.178226470947266,food,debit,online_banking
695.779296875,transport,debit,credit_card
-146.56198120117188,transport,debit,cash
1471.904052734375,shopping,debit,debit_card
1800.0821533203125,shopping,debit,e-wallet
2159.333984375,transport,debit,credit_card
857.5525512695312,transport,debit,cash
570.16357421875,transport,debit,cash
366.80096435546875,food,debit,e-wallet
206.18492126464844,food,debit,debit_card
512.9168701171875,transport,debit,credit_card
2001.4852294921875,food,debit,e-wallet
-803.4441528320312,food,debit,debit_card
417.88079833984375,transport,debit,debit_card
1027.092529296875,transport,debit,e-wallet
1240.1444091796875,others,debit,debit_card
1276.591552734375,transport,debit,debit_card
0.1828768104314804,transport,debit,credit_card
1816.780517578125,entertainment,debit,credit_card
983.866455078125,transport,debit,cash
264.076416015625,food,debit,credit_card
287.3115539550781,food,debit,credit_card
668.218994140625,food,debit,cash
-272.0335693359375,food,debit,debit_card
1244.4581298828125,transport,debit,e-wallet
1137.2899169921875,transport,debit,cash
931.8404541015625,transport,debit,cash
1496.4658203125,shopping,debit,cash
-280.1004638671875,food,debit,e-wallet
158.0395965576172,transport,debit,credit_card
1740.2255859375,transport,debit,online_banking
283.6952209472656,transport,debit,e-wallet
907.280517578125,food,debit,online_banking
563.0680541992188,food,debit,debit_card
1681.803466796875,food,debit,online_banking
284.8882141113281,shopping,debit,e-wallet
-36.8400764465332,shopping,debit,credit_card
-1120.4862060546875,food,debit,online_banking
-276.054931640625,food,debit,online_banking
736.6831665039062,shopping,debit,cash
1462.8448486328125,transport,debit,credit_card
1827.768798828125,shopping,debit,e-wallet
360.06591796875,food,debit,debit_card
481.409423828125,food,debit,cash
836.8907470703125,transport,debit,e-wallet
505.92864990234375,transport,debit,credit_card
-320.9936218261719,food,debit,cash
1438.9608154296875,food,debit,debit_card
87.89549255371094,transport,debit,online_banking
1582.71826171875,shopping,debit,cash
1968.136962890625,shopping,debit,cash
72.20960235595703,food,debit,online_banking
862.7131958007812,shopping,debit,debit_card
378.5103759765625,transport,debit,cash
473.235107421875,food,debit,debit_card
2961.575439453125,food,debit,credit_card
1347.2115478515625,shopping,debit,e-wallet
155.1675567626953,food,debit,debit_card
-135.49839782714844,transport,debit,cash
51.33136749267578,transport,debit,cash
1080.3037109375,bills,debit,e-wallet
1305.3848876953125,food,debit,credit_card
228.07090759277344,food,debit,online_banking
924.0706787109375,transport,debit,e-wallet
2337.75,transport,debit,debit_card
2546.884521484375,bills,debit,credit_card
-10.962145805358887,food,debit,debit_card
651.0565795898438,entertainment,debit,credit_card
2389.763671875,shopping,debit,online_banking
620.4853515625,transport,debit,credit_card
678.0039672851562,shopping,debit,debit_card
1480.8785400390625,shopping,debit,credit_card
-344.203369140625,food,debit,cash
1469.144775390625,shopping,debit,cash
-85.18859100341797,transport,debit,cash
477.53118896484375,bills,debit,e-wallet
836.6689453125,transport,debit,e-wallet
1455.8880615234375,food,debit,credit_card
7.2120256423950195,food,debit,online_banking
1890.9876708984375,food,debit,e-wallet
925.478271484375,food,debit,credit_card
-141.82858276367188,transport,debit,cash
1093.9677734375,shopping,debit,e-wallet
1395.957275390625,entertainment,debit,e-wallet
291.755126953125,food,debit,e-wallet
328.2835388183594,transport,debit,debit_card
958.0458374023438,bills,debit,e-wallet
404.4463195800781,shopping,debit,cash
1360.1414794921875,bills,debit,e-wallet
478.8173522949219,transport,debit,e-wallet
1943.53564453125,entertainment,debit,cash
1115.9969482421875,transport,debit,e-wallet
1397.46337890625,food,debit,debit_card
1918.9720458984375,food,debit,debit_card
548.6616821289062,entertainment,debit,cash
1254.10888671875,transport,debit,e-wallet
741.8587036132812,shopping,debit,online_banking
374.1369323730469,food,debit,cash
-406.34002685546875,food,debit,cash
-555.2598876953125,food,debit,credit_card
2929.110595703125,food,debit,credit_card
348.4793701171875,transport,debit,debit_card
494.56744384765625,transport,debit,credit_card
7.4476423263549805,food,debit,credit_card
1443.7105712890625,food,debit,e-wallet
577.6202392578125,food,debit,debit_card
1042.5980224609375,food,debit,debit_card
1302.3011474609375,transport,debit,credit_card
1650.8409423828125,entertainment,debit,e-wallet
692.2161254882812,food,debit,online_banking
1900.8280029296875,shopping,debit,online_banking
862.7037353515625,food,debit,debit_card
1613.000244140625,food,debit,credit_card
1803.0152587890625,shopping,debit,credit_card
961.1038818359375,food,debit,debit_card
1296.5594482421875,transport,debit,cash
-1261.6259765625,food,debit,cash
2387.609130859375,shopping,debit,debit_card
1591.414794921875,transport,debit,credit_card
815.6537475585938,shopping,debit,online_banking
-297.98028564453125,food,debit,credit_card
488.4905700683594,transport,debit,e-wallet
564.3366088867188,food,debit,debit_card
1052.5523681640625,bills,debit,online_banking
56.091552734375,food,debit,cash
1233.1221923828125,food,debit,cash
464.5962829589844,transport,debit,cash
359.2828369140625,shopping,debit,online_banking
947.13818359375,food,debit,e-wallet
1002.4185180664062,shopping,debit,online_banking
1940.1123046875,bills,debit,e-wallet
-526.48681640625,food,debit,online_banking
213.6330108642578,food,debit,credit_card
685.3887329101562,food,debit,debit_card
-84.9477767944336,food,debit,cash
1519.3369140625,others,debit,credit_card
65.87724304199219,transport,debit,e-wallet
898.0413818359375,food,debit,debit_card
209.87429809570312,shopping,debit,cash
254.26280212402344,food,debit,online_banking
-412.541748046875,transport,debit,credit_card
-280.7139587402344,food,debit,credit_card
6.670197010040283,transport,debit,debit_card
625.015380859375,food,debit,cash
55.50104522705078,food,debit,online_banking
596.3505249023438,bills,debit,credit_card
101.91410827636719,food,debit,online_banking
-149.28167724609375,transport,debit,cash
529.926513671875,food,debit,e-wallet
1328.0791015625,shopping,debit,online_banking
1430.5330810546875,transport,debit,cash
349.8286437988281,transport,debit,credit_card
1342.4674072265625,others,debit,debit_card
532.7257690429688,food,debit,cash
481.21234130859375,food,debit,debit_card
309.9045715332031,food,debit,debit_card
-566.448486328125,food,debit,cash
1678.1600341796875,transport,debit,credit_card
465.9189147949219,shopping,debit,cash
133.03466796875,food,debit,online_banking
-139.4262237548828,food,debit,cash
841.3221435546875,transport,debit,credit_card
382.9952697753906,shopping,debit,e-wallet
1124.7210693359375,food,debit,online_banking
464.1927795410156,shopping,debit,credit_card
883.678955078125,transport,debit,credit_card
54.496036529541016,food,debit,cash
296.8904113769531,food,debit,debit_card
166.8833465576172,transport,debit,e-wallet
1815.0977783203125,shopping,debit,e-wallet
1180.2708740234375,transport,debit,credit_card
-504.542724609375,shopping,debit,cash
1321.018798828125,transport,debit,e-wallet
1537.91064453125,food,debit,debit_card
1517.062255859375,transport,debit,credit_card
369.3846435546875,food,debit,online_banking
1243.9873046875,transport,debit,e-wallet
1297.060546875,transport,debit,credit_card
2861.759765625,food,debit,debit_card
358.6258239746094,shopping,debit,cash
63.7579231262207,food,debit,online_banking
263.4854736328125,food,debit,credit_card
1836.9573974609375,others,debit,e-wallet
660.8659057617188,transport,debit,e-wallet
169.39727783203125,transport,debit,cash
684.8236083984375,transport,debit,debit_card
1179.7579345703125,others,debit,cash
2964.52783203125,shopping,debit,credit_card
564.0772094726562,transport,debit,cash
1770.9749755859375,bills,debit,e-wallet
2139.435546875,bills,debit,online_banking
1133.36181640625,shopping,debit,online_banking
1118.811279296875,shopping,debit,debit_card
404.53558349609375,food,debit,e-wallet
1161.943603515625,entertainment,debit,online_banking
-82.46133422851562,transport,debit,e-wallet
1652.697021484375,food,debit,debit_card
2408.098876953125,food,debit,debit_card
1556.8955078125,shopping,debit,online_banking
640.0123291015625,food,debit,credit_card
533.5944213867188,transport,debit,credit_card
339.8492431640625,entertainment,debit,e-wallet
182.00059509277344,transport,debit,cash
1522.2667236328125,shopping,debit,cash
1161.8646240234375,transport,debit,e-wallet
89.40545654296875,transport,debit,online_banking
283.5548400878906,food,debit,online_banking
140.19253540039062,food,debit,debit_card
388.38946533203125,transport,debit,online_banking
2482.38330078125,shopping,debit,e-wallet
693.2459106445312,shopping,debit,cash
425.86126708984375,transport,debit,e-wallet
563.1826171875,transport,debit,credit_card
85.49954986572266,food,debit,cash
5.677305698394775,transport,debit,online_banking
240.21441650390625,food,debit,cash
173.294677734375,food,debit,e-wallet
1946.7821044921875,transport,debit,cash
-111.01165771484375,food,debit,online_banking
2166.27880859375,shopping,debit,online_banking
178.5326690673828,transport,debit,e-wallet
381.2929992675781,food,debit,cash
1619.0030517578125,shopping,debit,e-wallet
677.3391723632812,food,debit,debit_card
749.2485961914062,transport,debit,cash
-245.64697265625,transport,debit,cash
-109.38123321533203,entertainment,debit,cash
2173.947998046875,shopping,debit,e-wallet
1637.3944091796875,transport,debit,credit_card
387.8224792480469,transport,debit,credit_card
923.451904296875,shopping,debit,e-wallet
95.00262451171875,transport,debit,cash
1353.6923828125,entertainment,debit,e-wallet
967.74267578125,food,debit,online_banking
1822.357666015625,food,debit,credit_card
65.51011657714844,transport,debit,cash
1190.87890625,food,debit,credit_card
1064.5594482421875,food,debit,online_banking
2709.85595703125,food,debit,credit_card
1832.7127685546875,food,debit,cash
728.593505859375,food,debit,cash
323.1179504394531,transport,debit,cash
210.99697875976562,transport,debit,cash
2606.0595703125,transport,debit,debit_card
995.1051025390625,transport,debit,e-wallet
273.4019775390625,food,debit,online_banking
1827.964111328125,food,debit,debit_card
792.1283569335938,transport,debit,cash
2152.79541015625,transport,debit,e-wallet
108.9171371459961,transport,debit,credit_card
782.4583129882812,food,debit,credit_card
2327.839599609375,others,debit,credit_card
-60.86774826049805,food,debit,cash
1190.867919921875,food,debit,debit_card
382.9455261230469,food,debit,cash
66.4881591796875,transport,debit,cash
787.5169067382812,shopping,debit,online_banking
211.2947998046875,transport,debit,credit_card
-1061.3370361328125,transport,debit,cash
363.89373779296875,transport,debit,credit_card
1615.635986328125,entertainment,debit,online_banking
1458.12451171875,shopping,debit,online_banking
1848.614501953125,shopping,debit,online_banking
1008.8699951171875,others,debit,cash
231.60818481445312,food,debit,cash
107.3017349243164,food,debit,e-wallet
3652.564697265625,others,debit,credit_card
1160.82470703125,shopping,debit,debit_card
1076.2318115234375,food,debit,credit_card
1303.3043212890625,transport,debit,e-wallet
409.61334228515625,others,debit,e-wallet
194.3236083984375,food,debit,cash
525.887939453125,food,debit,cash
1693.77490234375,entertainment,debit,e-wallet
924.854248046875,food,debit,credit_card
1941.15234375,food,debit,online_banking
644.0656127929688,transport,debit,e-wallet
1148.6610107421875,food,debit,cash
2113.500244140625,food,debit,credit_card
393.65728759765625,food,debit,cash
614.4505615234375,food,debit,credit_card
-466.00836181640625,food,debit,cash
518.9620971679688,shopping,debit,online_banking
1658.308837890625,shopping,debit,credit_card
39.14643096923828,food,debit,debit_card
389.0791320800781,transport,debit,debit_card
420.09735107421875,transport,debit,debit_card
516.601318359375,transport,debit,cash
2888.51025390625,others,debit,debit_card
897.1213989257812,transport,debit,e-wallet
122.58223724365234,food,debit,cash
456.5478210449219,food,debit,credit_card
1030.8115234375,food,debit,credit_card
738.1768798828125,shopping,debit,credit_card
1022.083984375,transport,debit,credit_card
108.66474914550781,transport,debit,credit_card
1281.37353515625,shopping,debit,e-wallet
2100.66796875,food,debit,debit_card
926.7688598632812,transport,debit,credit_card
638.3909912109375,transport,debit,cash
1184.333984375,transport,debit,online_banking
90.79468536376953,food,debit,e-wallet
1648.6875,transport,debit,e-wallet
713.1963500976562,others,debit,credit_card
634.98486328125,transport,debit,debit_card
1566.3841552734375,transport,debit,cash
871.7095947265625,food,debit,online_banking
1520.2640380859375,transport,debit,e-wallet
1641.4300537109375,transport,debit,credit_card
-56.82636642456055,shopping,debit,credit_card
372.2966003417969,others,debit,cash
1007.1710815429688,bills,debit,e-wallet
1877.622314453125,others,debit,online_banking
1192.1068115234375,entertainment,debit,cash
1233.1593017578125,shopping,debit,online_banking
1110.151611328125,food,debit,e-wallet
479.1893005371094,transport,debit,cash
1292.8740234375,transport,debit,credit_card
2172.250244140625,others,debit,online_banking
-606.2089233398438,food,debit,cash
1173.7073974609375,shopping,debit,credit_card
2084.4072265625,entertainment,debit,online_banking
1200.135986328125,transport,debit,credit_card
1075.0411376953125,food,debit,debit_card
1095.38671875,entertainment,debit,e-wallet
1055.5091552734375,transport,debit,cash
936.6024780273438,food,debit,cash
1556.862060546875,transport,debit,e-wallet
1123.926513671875,transport,debit,debit_card
880.81103515625,food,debit,credit_card
228.15975952148438,food,debit,online_banking
-305.58880615234375,transport,debit,credit_card
1458.663818359375,transport,debit,debit_card
431.8756103515625,transport,debit,cash
790.721435546875,food,debit,debit_card
464.9254150390625,food,debit,cash
1264.66064453125,entertainment,debit,cash
845.1826171875,transport,debit,e-wallet
8.66979694366455,food,debit,online_banking
951.1713256835938,food,debit,cash
881.2373046875,food,debit,e-wallet
705.6432495117188,transport,debit,online_banking
556.3566284179688,transport,debit,debit_card
2343.82861328125,transport,debit,debit_card
1133.001953125,transport,debit,debit_card
-333.1761169433594,transport,debit,online_banking
371.8815612792969,food,debit,online_banking
-401.46002197265625,entertainment,debit,cash
407.43780517578125,food,debit,cash
74.24304962158203,transport,debit,credit_card
904.3948364257812,transport,debit,e-wallet
392.32427978515625,food,debit,online_banking
693.9881591796875,transport,debit,credit_card
921.402099609375,shopping,debit,e-wallet
-52.22239303588867,shopping,debit,credit_card
2111.49951171875,food,debit,debit_card
1347.4542236328125,food,debit,debit_card
1641.917724609375,food,debit,credit_card
43.89735412597656,transport,debit,debit_card
946.3179321289062,transport,debit,credit_card
968.8004150390625,food,debit,online_banking
1238.80810546875,shopping,debit,cash
995.669677734375,food,debit,online_banking
2773.430908203125,others,debit,e-wallet
160.90403747558594,transport,debit,credit_card
1940.8885498046875,transport,debit,debit_card
788.2205200195312,food,debit,debit_card
1200.8331298828125,food,debit,credit_card
-123.78067779541016,food,debit,online_banking
